country,landmass,zone,area,population,language,religion,bars,stripes,colours,,,,,,,,,,,,,,,,,,,,
Afghanistan,Asia,1,648,16,other,Muslim,0,3,5,1,1,0,1,1,1,0,green,0,0,0,0,1,0,0,1,0,0,black,green
Albania,Europe,1,29,3, Indo-European,Marxist,0,0,3,1,0,0,1,0,1,0,red,0,0,0,0,1,0,0,0,1,0,red,red
Algeria,Africa,1,2388,20,Arabic,Muslim,2,0,3,1,1,0,0,1,0,0,green,0,0,0,0,1,1,0,0,0,0,green,white
American-Samoa,Oceania,3,0,0,"English,",Other Christian,0,0,5,1,0,1,1,1,0,1,blue,0,0,0,0,0,0,1,1,1,0,blue,red
Andorra,Europe,1,0,0, Indo-European,Catholic,3,0,3,1,0,1,1,0,0,0,gold,0,0,0,0,0,0,0,0,0,0,blue,red
Angola,Africa,2,1247,7,other,Ethnic,0,2,3,1,0,0,1,0,1,0,red,0,0,0,0,1,0,0,1,0,0,red,black
Anguilla,N.America,4,0,0,"English,",Other Christian,0,1,3,0,0,1,0,1,0,1,white,0,0,0,0,0,0,0,0,1,0,white,blue
Antigua-Barbuda,N.America,4,0,0,"English,",Other Christian,0,1,5,1,0,1,1,1,1,0,red,0,0,0,0,1,0,1,0,0,0,black,red
Argentina,S.America,3,2777,28,Spanish,Catholic,0,3,2,0,0,1,0,1,0,0,blue,0,0,0,0,0,0,0,0,0,0,blue,blue
Argentine,S.America,3,2777,28,Spanish,Catholic,0,3,3,0,0,1,1,1,0,0,blue,0,0,0,0,1,0,0,0,0,0,blue,blue
Australia,Oceania,2,7690,15,"English,",Other Christian,0,0,3,1,0,1,0,1,0,0,blue,0,1,1,1,6,0,0,0,0,0,white,blue
Austria,Europe,1,84,8,German,Catholic,0,3,2,1,0,0,0,1,0,0,red,0,0,0,0,0,0,0,0,0,0,red,red
Bahamas,N.America,4,19,0,"English,",Other Christian,0,3,3,0,0,1,1,0,1,0,blue,0,0,0,0,0,0,1,0,0,0,blue,blue
Bahrain,Asia,1,1,0,Arabic,Muslim,0,0,2,1,0,0,0,1,0,0,red,0,0,0,0,0,0,0,0,0,0,white,red
Bangladesh,Asia,1,143,90, Indo-European,Muslim,0,0,2,1,1,0,0,0,0,0,green,1,0,0,0,0,0,0,0,0,0,green,green
Barbados,N.America,4,0,0,"English,",Other Christian,3,0,3,0,0,1,1,0,1,0,blue,0,0,0,0,0,0,0,1,0,0,blue,blue
Belgium,Europe,1,31,10, Indo-European,Catholic,3,0,3,1,0,0,1,0,1,0,gold,0,0,0,0,0,0,0,0,0,0,black,red
Belize,N.America,4,23,0,"English,",Other Christian,0,2,8,1,1,1,1,1,1,1,blue,1,0,0,0,0,0,0,1,1,1,red,red
Benin,Africa,1,113,3,French,Ethnic,0,0,2,1,1,0,0,0,0,0,green,0,0,0,0,1,0,0,0,0,0,green,green
Bermuda,N.America,4,0,0,"English,",Other Christian,0,0,6,1,1,1,1,1,1,0,red,1,1,1,1,0,0,0,1,1,0,white,red
Bhutan,Asia,1,47,1,other,Buddhist,0,0,4,1,0,0,0,1,1,1,orange,4,0,0,0,0,0,0,0,1,0,orange,red
Bolivia,S.America,3,1099,6,Spanish,Catholic,0,3,3,1,1,0,1,0,0,0,red,0,0,0,0,0,0,0,0,0,0,red,green
Botswana,Africa,2,600,1,other,Ethnic,0,5,3,0,0,1,0,1,1,0,blue,0,0,0,0,0,0,0,0,0,0,blue,blue
Brazil,S.America,3,8512,119, Indo-European,Catholic,0,0,4,0,1,1,1,1,0,0,green,1,0,0,0,22,0,0,0,0,1,green,green
British-Virgin-Isles,N.America,4,0,0,"English,",Other Christian,0,0,6,1,1,1,1,1,0,1,blue,0,1,1,1,0,0,0,1,1,1,white,blue
Brunei,Asia,1,6,0,other,Muslim,0,0,4,1,0,0,1,1,1,0,gold,0,0,0,0,0,0,1,1,1,1,white,gold
Bulgaria,Europe,1,111,9,Slavic,Marxist,0,3,5,1,1,1,1,1,0,0,red,0,0,0,0,1,0,0,1,1,0,white,red
Burkina,Africa,4,274,7,French,Ethnic,0,2,3,1,1,0,1,0,0,0,red,0,0,0,0,1,0,0,0,0,0,red,green
Burma,Asia,1,678,35,other,Buddhist,0,0,3,1,0,1,0,1,0,0,red,0,0,0,1,14,0,0,1,1,0,blue,red
Burundi,Africa,2,28,4,other,Ethnic,0,0,3,1,1,0,0,1,0,0,red,1,0,1,0,3,0,0,0,0,0,white,white
Cameroon,Africa,1,474,8,French,Other Christian,3,0,3,1,1,0,1,0,0,0,gold,0,0,0,0,1,0,0,0,0,0,green,gold
Canada,N.America,4,9976,24,"English,",Other Christian,2,0,2,1,0,0,0,1,0,0,red,0,0,0,0,0,0,0,0,1,0,red,red
Cape-Verde-Islands,Africa,4,4,0, Indo-European,Catholic,1,2,5,1,1,0,1,0,1,1,gold,0,0,0,0,1,0,0,0,1,0,red,green
Cayman-Islands,N.America,4,0,0,"English,",Other Christian,0,0,6,1,1,1,1,1,0,1,blue,1,1,1,1,4,0,0,1,1,1,white,blue
Central-African-Republic,Africa,1,623,2,other,Ethnic,1,0,5,1,1,1,1,1,0,0,gold,0,0,0,0,1,0,0,0,0,0,blue,gold
Chad,Africa,1,1284,4,French,Ethnic,3,0,3,1,0,1,1,0,0,0,gold,0,0,0,0,0,0,0,0,0,0,blue,red
Chile,S.America,3,757,11,Spanish,Catholic,0,2,3,1,0,1,0,1,0,0,red,0,0,0,1,1,0,0,0,0,0,blue,red
China,Asia,1,9561,1008,Chinese,Marxist,0,0,2,1,0,0,1,0,0,0,red,0,0,0,0,5,0,0,0,0,0,red,red
Colombia,S.America,4,1139,28,Spanish,Catholic,0,3,3,1,0,1,1,0,0,0,gold,0,0,0,0,0,0,0,0,0,0,gold,red
Comorro-Islands,Africa,2,2,0,French,Muslim,0,0,2,0,1,0,0,1,0,0,green,0,0,0,0,4,1,0,0,0,0,green,green
Congo,Africa,2,342,2,other,Ethnic,0,0,3,1,1,0,1,0,0,0,red,0,0,0,0,1,0,0,1,1,0,red,red
Cook-Islands,Oceania,3,0,0,"English,",Other Christian,0,0,4,1,0,1,0,1,0,0,blue,1,1,1,1,15,0,0,0,0,0,white,blue
Costa-Rica,N.America,4,51,2,Spanish,Catholic,0,5,3,1,0,1,0,1,0,0,blue,0,0,0,0,0,0,0,0,0,0,blue,blue
Cuba,N.America,4,115,10,Spanish,Marxist,0,5,3,1,0,1,0,1,0,0,blue,0,0,0,0,1,0,1,0,0,0,blue,blue
Cyprus,Europe,1,9,1, Indo-European,Other Christian,0,0,3,0,1,0,1,1,0,0,white,0,0,0,0,0,0,0,1,1,0,white,white
Czechoslovakia,Europe,1,128,15,Slavic,Marxist,0,0,3,1,0,1,0,1,0,0,white,0,0,0,0,0,0,1,0,0,0,white,red
Denmark,Europe,1,43,5, Indo-European,Other Christian,0,0,2,1,0,0,0,1,0,0,red,0,1,0,0,0,0,0,0,0,0,red,red
Djibouti,Africa,1,22,0,French,Muslim,0,0,4,1,1,1,0,1,0,0,blue,0,0,0,0,1,0,1,0,0,0,white,green
Dominica,N.America,4,0,0,"English,",Other Christian,0,0,6,1,1,1,1,1,1,0,green,1,0,0,0,10,0,0,0,1,0,green,green
Dominican-Republic,N.America,4,49,6,Spanish,Catholic,0,0,3,1,0,1,0,1,0,0,blue,0,1,0,0,0,0,0,0,0,0,blue,blue
Ecuador,S.America,3,284,8,Spanish,Catholic,0,3,3,1,0,1,1,0,0,0,gold,0,0,0,0,0,0,0,0,0,0,gold,red
Egypt,Africa,1,1001,47,Arabic,Muslim,0,3,4,1,0,0,1,1,1,0,black,0,0,0,0,0,0,0,0,1,1,red,black
El-Salvador,N.America,4,21,5,Spanish,Catholic,0,3,2,0,0,1,0,1,0,0,blue,0,0,0,0,0,0,0,0,0,0,blue,blue
Equatorial-Guinea,Africa,1,28,0,other,Ethnic,0,3,4,1,1,1,0,1,0,0,green,0,0,0,0,0,0,1,0,0,0,green,red
Ethiopia,Africa,1,1222,31,other,Other Christian,0,3,3,1,1,0,1,0,0,0,green,0,0,0,0,0,0,0,0,0,0,green,red
Faeroes,Europe,4,1,0, Indo-European,Other Christian,0,0,3,1,0,1,0,1,0,0,white,0,1,0,0,0,0,0,0,0,0,white,white
Falklands-Malvinas,S.America,3,12,0,"English,",Other Christian,0,0,6,1,1,1,1,1,0,0,blue,1,1,1,1,0,0,0,1,1,1,white,blue
Fiji,Oceania,2,18,1,"English,",Other Christian,0,0,7,1,1,1,1,1,0,1,blue,0,2,1,1,0,0,0,1,1,0,white,blue
Finland,Europe,1,337,5,other,Other Christian,0,0,2,0,0,1,0,1,0,0,white,0,1,0,0,0,0,0,0,0,0,white,white
France,Europe,1,547,54,French,Catholic,3,0,3,1,0,1,0,1,0,0,white,0,0,0,0,0,0,0,0,0,0,blue,red
French-Guiana,S.America,4,91,0,French,Catholic,3,0,3,1,0,1,0,1,0,0,white,0,0,0,0,0,0,0,0,0,0,blue,red
French-Polynesia,Oceania,3,4,0,French,Catholic,0,3,5,1,0,1,1,1,1,0,red,1,0,0,0,1,0,0,1,0,0,red,red
Gabon,Africa,2,268,1,other,Ethnic,0,3,3,0,1,1,1,0,0,0,green,0,0,0,0,0,0,0,0,0,0,green,blue
Gambia,Africa,4,10,1,"English,",Ethnic,0,5,4,1,1,1,0,1,0,0,red,0,0,0,0,0,0,0,0,0,0,red,green
Germany-DDR,Europe,1,108,17,German,Marxist,0,3,3,1,0,0,1,0,1,0,gold,0,0,0,0,0,0,0,1,0,0,black,gold
Germany-FRG,Europe,1,249,61,German,Other Christian,0,3,3,1,0,0,1,0,1,0,black,0,0,0,0,0,0,0,0,0,0,black,gold
Ghana,Africa,4,239,14,"English,",Ethnic,0,3,4,1,1,0,1,0,1,0,red,0,0,0,0,1,0,0,0,0,0,red,green
Gibraltar,Europe,4,0,0,"English,",Other Christian,0,1,3,1,0,0,1,1,0,0,white,0,0,0,0,0,0,0,1,0,0,white,red
Greece,Europe,1,132,10, Indo-European,Other Christian,0,9,2,0,0,1,0,1,0,0,blue,0,1,0,1,0,0,0,0,0,0,blue,blue
Greenland,N.America,4,2176,0, Indo-European,Other Christian,0,0,2,1,0,0,0,1,0,0,white,1,0,0,0,0,0,0,0,0,0,white,red
Grenada,N.America,4,0,0,"English,",Other Christian,0,0,3,1,1,0,1,0,0,0,gold,1,0,0,0,7,0,1,0,1,0,red,red
Guam,Oceania,1,0,0,"English,",Other Christian,0,0,7,1,1,1,1,1,0,1,blue,0,0,0,0,0,0,0,1,1,1,red,red
Guatemala,N.America,4,109,8,Spanish,Catholic,3,0,2,0,0,1,0,1,0,0,blue,0,0,0,0,0,0,0,0,0,0,blue,blue
Guinea,Africa,4,246,6,French,Muslim,3,0,3,1,1,0,1,0,0,0,gold,0,0,0,0,0,0,0,0,0,0,red,green
Guinea-Bissau,Africa,4,36,1, Indo-European,Ethnic,1,2,4,1,1,0,1,0,1,0,gold,0,0,0,0,1,0,0,0,0,0,red,green
Guyana,S.America,4,215,1,"English,",Hindu,0,0,5,1,1,0,1,1,1,0,green,0,0,0,0,0,0,1,0,0,0,black,green
Haiti,N.America,4,28,6,French,Catholic,2,0,2,1,0,0,0,0,1,0,black,0,0,0,0,0,0,0,0,0,0,black,red
Honduras,N.America,4,112,4,Spanish,Catholic,0,3,2,0,0,1,0,1,0,0,blue,0,0,0,0,5,0,0,0,0,0,blue,blue
Hong-Kong,Asia,1,1,5,Chinese,Buddhist,0,0,6,1,1,1,1,1,0,1,blue,1,1,1,1,0,0,0,1,1,1,white,blue
Hungary,Europe,1,93,11,other,Marxist,0,3,3,1,1,0,0,1,0,0,red,0,0,0,0,0,0,0,0,0,0,red,green
Iceland,Europe,4,103,0, Indo-European,Other Christian,0,0,3,1,0,1,0,1,0,0,blue,0,1,0,0,0,0,0,0,0,0,blue,blue
India,Asia,1,3268,684, Indo-European,Hindu,0,3,4,0,1,1,0,1,0,1,orange,1,0,0,0,0,0,0,1,0,0,orange,green
Indonesia,Oceania,2,1904,157,other,Muslim,0,2,2,1,0,0,0,1,0,0,red,0,0,0,0,0,0,0,0,0,0,red,white
Iran,Asia,1,1648,39, Indo-European,Muslim,0,3,3,1,1,0,0,1,0,0,red,0,0,0,0,0,0,0,1,0,1,green,red
Iraq,Asia,1,435,14,Arabic,Muslim,0,3,4,1,1,0,0,1,1,0,red,0,0,0,0,3,0,0,0,0,0,red,black
Ireland,Europe,4,70,3,"English,",Catholic,3,0,3,0,1,0,0,1,0,1,white,0,0,0,0,0,0,0,0,0,0,green,orange
Israel,Asia,1,21,4,other,Others,0,2,2,0,0,1,0,1,0,0,white,0,0,0,0,1,0,0,0,0,0,blue,blue
Italy,Europe,1,301,57, Indo-European,Catholic,3,0,3,1,1,0,0,1,0,0,white,0,0,0,0,0,0,0,0,0,0,green,red
Ivory-Coast,Africa,4,323,7,French,Ethnic,3,0,3,1,1,0,0,1,0,0,white,0,0,0,0,0,0,0,0,0,0,red,green
Jamaica,N.America,4,11,2,"English,",Other Christian,0,0,3,0,1,0,1,0,1,0,green,0,0,1,0,0,0,1,0,0,0,gold,gold
Japan,Asia,1,372,118,other,Others,0,0,2,1,0,0,0,1,0,0,white,1,0,0,0,1,0,0,0,0,0,white,white
Jordan,Asia,1,98,2,Arabic,Muslim,0,3,4,1,1,0,0,1,1,0,black,0,0,0,0,1,0,1,0,0,0,black,green
Kampuchea,Asia,1,181,6,other,Buddhist,0,0,2,1,0,0,1,0,0,0,red,0,0,0,0,0,0,0,1,0,0,red,red
Kenya,Africa,1,583,17,other,Ethnic,0,5,4,1,1,0,0,1,1,0,red,1,0,0,0,0,0,0,1,0,0,black,green
Kiribati,Oceania,1,0,0,"English,",Other Christian,0,0,4,1,0,1,1,1,0,0,red,0,0,0,0,1,0,0,1,1,0,red,blue
Kuwait,Asia,1,18,2,Arabic,Muslim,0,3,4,1,1,0,0,1,1,0,green,0,0,0,0,0,0,0,0,0,0,green,red
Laos,Asia,1,236,3,other,Marxist,0,3,3,1,0,1,0,1,0,0,red,1,0,0,0,0,0,0,0,0,0,red,red
Lebanon,Asia,1,10,3,Arabic,Muslim,0,2,4,1,1,0,0,1,0,1,red,0,0,0,0,0,0,0,0,1,0,red,red
Lesotho,Africa,2,30,1,other,Ethnic,2,0,4,1,1,1,0,1,0,0,blue,0,0,0,0,0,0,0,1,0,0,green,blue
Liberia,Africa,4,111,1,other,Ethnic,0,11,3,1,0,1,0,1,0,0,red,0,0,0,1,1,0,0,0,0,0,blue,red
Libya,Africa,1,1760,3,Arabic,Muslim,0,0,1,0,1,0,0,0,0,0,green,0,0,0,0,0,0,0,0,0,0,green,green
Liechtenstein,Europe,1,0,0,German,Catholic,0,2,3,1,0,1,1,0,0,0,red,0,0,0,0,0,0,0,1,0,0,blue,red
Luxembourg,Europe,1,3,0,German,Catholic,0,3,3,1,0,1,0,1,0,0,red,0,0,0,0,0,0,0,0,0,0,red,blue
Malagasy,Africa,2,587,9,other,Other Christian,1,2,3,1,1,0,0,1,0,0,red,0,0,0,0,0,0,0,0,0,0,white,green
Malawi,Africa,2,118,6,other,Ethnic,0,3,3,1,1,0,0,0,1,0,red,0,0,0,0,1,0,0,0,0,0,black,green
Malaysia,Asia,1,333,13,other,Muslim,0,14,4,1,0,1,1,1,0,0,red,0,0,0,1,1,1,0,0,0,0,blue,white
Maldive-Islands,Asia,1,0,0,other,Muslim,0,0,3,1,1,0,0,1,0,0,red,0,0,0,0,0,1,0,0,0,0,red,red
Mali,Africa,4,1240,7,French,Muslim,3,0,3,1,1,0,1,0,0,0,gold,0,0,0,0,0,0,0,0,0,0,green,red
Malta,Europe,1,0,0,other,Catholic,2,0,3,1,0,0,0,1,1,0,red,0,1,0,0,0,0,0,1,0,0,white,red
Marianas,Oceania,1,0,0,other,Other Christian,0,0,3,0,0,1,0,1,0,0,blue,0,0,0,0,1,0,0,1,0,0,blue,blue
Mauritania,Africa,4,1031,2,Arabic,Muslim,0,0,2,0,1,0,1,0,0,0,green,0,0,0,0,1,1,0,0,0,0,green,green
Mauritius,Africa,2,2,1,"English,",Hindu,0,4,4,1,1,1,1,0,0,0,red,0,0,0,0,0,0,0,0,0,0,red,green
Mexico,N.America,4,1973,77,Spanish,Catholic,3,0,4,1,1,0,0,1,0,1,green,0,0,0,0,0,0,0,0,1,0,green,red
Micronesia,Oceania,1,1,0,other,Other Christian,0,0,2,0,0,1,0,1,0,0,blue,0,0,0,0,4,0,0,0,0,0,blue,blue
Monaco,Europe,1,0,0,French,Catholic,0,2,2,1,0,0,0,1,0,0,red,0,0,0,0,0,0,0,0,0,0,red,white
Mongolia,Asia,1,1566,2,other,Marxist,3,0,3,1,0,1,1,0,0,0,red,2,0,0,0,1,1,1,1,0,0,red,red
Montserrat,N.America,4,0,0,"English,",Other Christian,0,0,7,1,1,1,1,1,1,0,blue,0,2,1,1,0,0,0,1,1,0,white,blue
Morocco,Africa,4,447,20,Arabic,Muslim,0,0,2,1,1,0,0,0,0,0,red,0,0,0,0,1,0,0,0,0,0,red,red
Mozambique,Africa,2,783,12,other,Ethnic,0,5,5,1,1,0,1,1,1,0,gold,0,0,0,0,1,0,1,1,0,0,green,gold
Nauru,Oceania,2,0,0,other,Other Christian,0,3,3,0,0,1,1,1,0,0,blue,0,0,0,0,1,0,0,0,0,0,blue,blue
Nepal,Asia,1,140,16,other,Hindu,0,0,3,0,0,1,0,1,0,1,brown,0,0,0,0,2,1,0,0,0,0,blue,blue
Netherlands,Europe,1,41,14, Indo-European,Other Christian,0,3,3,1,0,1,0,1,0,0,red,0,0,0,0,0,0,0,0,0,0,red,blue
Netherlands-Antilles,N.America,4,0,0, Indo-European,Other Christian,0,1,3,1,0,1,0,1,0,0,white,0,0,0,0,6,0,0,0,0,0,white,white
New-Zealand,Oceania,2,268,2,"English,",Other Christian,0,0,3,1,0,1,0,1,0,0,blue,0,1,1,1,4,0,0,0,0,0,white,blue
Nicaragua,N.America,4,128,3,Spanish,Catholic,0,3,2,0,0,1,0,1,0,0,blue,0,0,0,0,0,0,0,0,0,0,blue,blue
Niger,Africa,1,1267,5,French,Muslim,0,3,3,0,1,0,0,1,0,1,orange,1,0,0,0,0,0,0,0,0,0,orange,green
Nigeria,Africa,1,925,56,other,Muslim,3,0,2,0,1,0,0,1,0,0,green,0,0,0,0,0,0,0,0,0,0,green,green
Niue,Oceania,3,0,0,"English,",Other Christian,0,0,4,1,0,1,1,1,0,0,gold,1,1,1,1,5,0,0,0,0,0,white,gold
North-Korea,Asia,1,121,18,other,Marxist,0,5,3,1,0,1,0,1,0,0,blue,1,0,0,0,1,0,0,0,0,0,blue,blue
North-Yemen,Asia,1,195,9,Arabic,Muslim,0,3,4,1,1,0,0,1,1,0,red,0,0,0,0,1,0,0,0,0,0,red,black
Norway,Europe,1,324,4, Indo-European,Other Christian,0,0,3,1,0,1,0,1,0,0,red,0,1,0,0,0,0,0,0,0,0,red,red
Oman,Asia,1,212,1,Arabic,Muslim,0,2,3,1,1,0,0,1,0,0,red,0,0,0,0,0,0,0,1,0,0,red,green
Pakistan,Asia,1,804,84, Indo-European,Muslim,1,0,2,0,1,0,0,1,0,0,green,0,0,0,0,1,1,0,0,0,0,white,green
Panama,S.America,4,76,2,Spanish,Catholic,0,0,3,1,0,1,0,1,0,0,red,0,0,0,4,2,0,0,0,0,0,white,white
Papua-New-Guinea,Oceania,2,463,3,"English,",Ethnic,0,0,4,1,0,0,1,1,1,0,black,0,0,0,0,5,0,1,0,1,0,red,black
Parguay,S.America,3,407,3,Spanish,Catholic,0,3,6,1,1,1,1,1,1,0,red,1,0,0,0,1,0,0,1,1,1,red,blue
Peru,S.America,3,1285,14,Spanish,Catholic,3,0,2,1,0,0,0,1,0,0,red,0,0,0,0,0,0,0,0,0,0,red,red
Philippines,Oceania,1,300,48,other,Catholic,0,0,4,1,0,1,1,1,0,0,blue,0,0,0,0,4,0,1,0,0,0,blue,red
Poland,Europe,1,313,36,Slavic,Marxist,0,2,2,1,0,0,0,1,0,0,white,0,0,0,0,0,0,0,0,0,0,white,red
Portugal,Europe,4,92,10, Indo-European,Catholic,0,0,5,1,1,1,1,1,0,0,red,1,0,0,0,0,0,0,1,0,0,green,red
Puerto-Rico,N.America,4,9,3,Spanish,Catholic,0,5,3,1,0,1,0,1,0,0,red,0,0,0,0,1,0,1,0,0,0,red,red
Qatar,Asia,1,11,0,Arabic,Muslim,0,0,2,0,0,0,0,1,0,1,brown,0,0,0,0,0,0,0,0,0,0,white,brown
Romania,Europe,1,237,22, Indo-European,Marxist,3,0,7,1,1,1,1,1,0,1,red,0,0,0,0,2,0,0,1,1,1,blue,red
Rwanda,Africa,2,26,5,other,Ethnic,3,0,4,1,1,0,1,0,1,0,red,0,0,0,0,0,0,0,0,0,1,red,green
San-Marino,Europe,1,0,0, Indo-European,Catholic,0,2,2,0,0,1,0,1,0,0,white,0,0,0,0,0,0,0,0,0,0,white,blue
Sao-Tome,Africa,1,0,0, Indo-European,Catholic,0,3,4,1,1,0,1,0,1,0,green,0,0,0,0,2,0,1,0,0,0,green,green
Saudi-Arabia,Asia,1,2150,9,Arabic,Muslim,0,0,2,0,1,0,0,1,0,0,green,0,0,0,0,0,0,0,1,0,1,green,green
Senegal,Africa,4,196,6,French,Muslim,3,0,3,1,1,0,1,0,0,0,green,0,0,0,0,1,0,0,0,0,0,green,red
Seychelles,Africa,2,0,0,"English,",Other Christian,0,0,3,1,1,0,0,1,0,0,red,0,0,0,0,0,0,0,0,0,0,red,green
Sierra-Leone,Africa,4,72,3,"English,",Ethnic,0,3,3,0,1,1,0,1,0,0,green,0,0,0,0,0,0,0,0,0,0,green,blue
Singapore,Asia,1,1,3,Chinese,Buddhist,0,2,2,1,0,0,0,1,0,0,white,0,0,0,0,5,1,0,0,0,0,red,white
Soloman-Islands,Oceania,2,30,0,"English,",Other Christian,0,0,4,0,1,1,1,1,0,0,green,0,0,0,0,5,0,1,0,0,0,blue,green
Somalia,Africa,1,637,5,other,Muslim,0,0,2,0,0,1,0,1,0,0,blue,0,0,0,0,1,0,0,0,0,0,blue,blue
South-Africa,Africa,2,1221,29, Indo-European,Other Christian,0,3,5,1,1,1,0,1,0,1,orange,0,1,1,0,0,0,0,0,0,0,orange,blue
South-Korea,Asia,1,99,39,other,Others,0,0,4,1,0,1,0,1,1,0,white,1,0,0,0,0,0,0,1,0,0,white,white
South-Yemen,Asia,1,288,2,Arabic,Muslim,0,3,4,1,0,1,0,1,1,0,red,0,0,0,0,1,0,1,0,0,0,red,black
Spain,Europe,4,505,38,Spanish,Catholic,0,3,2,1,0,0,1,0,0,0,red,0,0,0,0,0,0,0,0,0,0,red,red
Sri-Lanka,Asia,1,66,15,other,Buddhist,2,0,4,0,1,0,1,0,0,1,gold,0,0,0,0,0,0,0,1,1,0,gold,gold
St-Helena,Africa,3,0,0,"English,",Other Christian,0,0,7,1,1,1,1,1,0,1,blue,0,1,1,1,0,0,0,1,0,0,white,blue
St-Kitts-Nevis,N.America,4,0,0,"English,",Other Christian,0,0,5,1,1,0,1,1,1,0,green,0,0,0,0,2,0,1,0,0,0,green,red
St-Lucia,N.America,4,0,0,"English,",Other Christian,0,0,4,0,0,1,1,1,1,0,blue,0,0,0,0,0,0,1,0,0,0,blue,blue
St-Vincent,N.America,4,0,0,"English,",Other Christian,5,0,4,0,1,1,1,1,0,0,green,0,0,0,0,0,0,0,1,1,1,blue,green
Sudan,Africa,1,2506,20,Arabic,Muslim,0,3,4,1,1,0,0,1,1,0,red,0,0,0,0,0,0,1,0,0,0,red,black
Surinam,S.America,4,63,0, Indo-European,Other Christian,0,5,4,1,1,0,1,1,0,0,red,0,0,0,0,1,0,0,0,0,0,green,green
Swaziland,Africa,2,17,1,other,Other Christian,0,5,7,1,0,1,1,1,1,1,blue,0,0,0,0,0,0,0,1,0,0,blue,blue
Sweden,Europe,1,450,8, Indo-European,Other Christian,0,0,2,0,0,1,1,0,0,0,blue,0,1,0,0,0,0,0,0,0,0,blue,blue
Switzerland,Europe,1,41,6,German,Other Christian,0,0,2,1,0,0,0,1,0,0,red,0,1,0,0,0,0,0,0,0,0,red,red
Syria,Asia,1,185,10,Arabic,Muslim,0,3,4,1,1,0,0,1,1,0,red,0,0,0,0,2,0,0,0,0,0,red,black
Taiwan,Asia,1,36,18,Chinese,Buddhist,0,0,3,1,0,1,0,1,0,0,red,1,0,0,1,1,0,0,0,0,0,blue,red
Tanzania,Africa,2,945,18,other,Ethnic,0,0,4,0,1,1,1,0,1,0,green,0,0,0,0,0,0,1,0,0,0,green,blue
Thailand,Asia,1,514,49,other,Buddhist,0,5,3,1,0,1,0,1,0,0,red,0,0,0,0,0,0,0,0,0,0,red,red
Togo,Africa,1,57,2,French,Others,0,5,4,1,1,0,1,1,0,0,green,0,0,0,1,1,0,0,0,0,0,red,green
Tonga,Oceania,2,1,0,other,Other Christian,0,0,2,1,0,0,0,1,0,0,red,0,1,0,1,0,0,0,0,0,0,white,red
Trinidad-Tobago,S.America,4,5,1,"English,",Other Christian,0,0,3,1,0,0,0,1,1,0,red,0,0,0,0,0,0,1,0,0,0,white,white
Tunisia,Africa,1,164,7,Arabic,Muslim,0,0,2,1,0,0,0,1,0,0,red,1,0,0,0,1,1,0,0,0,0,red,red
Turkey,Asia,1,781,45,other,Muslim,0,0,2,1,0,0,0,1,0,0,red,0,0,0,0,1,1,0,0,0,0,red,red
Turks-Cocos-Islands,N.America,4,0,0,"English,",Other Christian,0,0,6,1,1,1,1,1,0,1,blue,0,1,1,1,0,0,0,1,1,0,white,blue
Tuvalu,Oceania,2,0,0,"English,",Other Christian,0,0,5,1,0,1,1,1,0,0,blue,0,1,1,1,9,0,0,0,0,0,white,blue
UAE,Asia,1,84,1,Arabic,Muslim,1,3,4,1,1,0,0,1,1,0,green,0,0,0,0,0,0,0,0,0,0,red,black
Uganda,Africa,1,236,13,other,Ethnic,0,6,5,1,0,0,1,1,1,0,gold,1,0,0,0,0,0,0,0,1,0,black,red
UK,Europe,4,245,56,"English,",Other Christian,0,0,3,1,0,1,0,1,0,0,red,0,1,1,0,0,0,0,0,0,0,white,red
Uruguay,S.America,3,178,3,Spanish,Catholic,0,9,3,0,0,1,1,1,0,0,white,0,0,0,1,1,0,0,0,0,0,white,white
USA,N.America,4,9363,231,"English,",Other Christian,0,13,3,1,0,1,0,1,0,0,white,0,0,0,1,50,0,0,0,0,0,blue,red
USSR,Asia,1,22402,274,Slavic,Marxist,0,0,2,1,0,0,1,0,0,0,red,0,0,0,0,1,0,0,1,0,0,red,red
US-Virgin-Isles,N.America,4,0,0,"English,",Other Christian,0,0,6,1,1,1,1,1,0,0,white,0,0,0,0,0,0,0,1,1,1,white,white
Vanuatu,Oceania,2,15,0, Indo-European,Other Christian,0,0,4,1,1,0,1,0,1,0,red,0,0,0,0,0,0,1,0,1,0,black,green
Vatican-City,Europe,1,0,0, Indo-European,Catholic,2,0,4,1,0,0,1,1,1,0,gold,0,0,0,0,0,0,0,1,0,0,gold,white
Venezuela,S.America,4,912,15,Spanish,Catholic,0,3,7,1,1,1,1,1,1,1,red,0,0,0,0,7,0,0,1,1,0,gold,red
Vietnam,Asia,1,333,60,other,Marxist,0,0,2,1,0,0,1,0,0,0,red,0,0,0,0,1,0,0,0,0,0,red,red
Western-Samoa,Oceania,3,3,0,"English,",Other Christian,0,0,3,1,0,1,0,1,0,0,red,0,0,0,1,5,0,0,0,0,0,blue,red
Yugoslavia,Europe,1,256,22, Indo-European,Marxist,0,3,4,1,0,1,1,1,0,0,red,0,0,0,0,1,0,0,0,0,0,blue,red
Zaire,Africa,2,905,28,other,Ethnic,0,0,4,1,1,0,1,0,0,1,green,1,0,0,0,0,0,0,1,1,0,green,green
Zambia,Africa,2,753,6,other,Ethnic,3,0,4,1,1,0,0,0,1,1,green,0,0,0,0,0,0,0,0,1,0,green,brown
Zimbabwe,Africa,2,391,8,other,Ethnic,0,7,5,1,1,0,1,1,1,0,green,0,0,0,0,1,0,1,1,1,0,green,green
